{
    "H": [
        {
            "angular": "s",
            "prim": [1.0],
            "cont": [1.0],
            "n": [1]
        }
    ],
    "He": [
        {
            "angular": "s",
            "prim": [1.41714, 2.37682, 4.39628, 6.52699, 7.94252],
            "cont": [0.76838, 0.22346, 0.04082, -0.00994, 0.00230],
            "n": [1, 1, 1, 1, 1]
        }
    ],
    "Li": [
        {
            "angular": "s",
            "prim": [2.47673, 4.69873, 0.38350, 0.66055, 1.07000, 1.63200],
            "cont": [0.89786, 0.11131, -0.00008, 0.00112, -0.00216, 0.00884],
            "n": [1, 1, 2, 2, 2, 2]
        },
        {
            "angular": "s",
            "prim": [2.47673, 4.69873, 0.38350, 0.66055, 1.07000, 1.63200],
            "cont": [-0.14629, -0.01516, 0.00377, 0.98053, 0.10971, -0.11021],
            "n": [1, 1, 2, 2, 2, 2]
        }
    ],
    "O": [
        {
            "angular": "s",
            "prim": [7.61413, 13.75740, 1.69824, 2.48022, 4.31196, 5.86596],
            "cont": [0.94516, 0.03391, -0.00034, 0.00241, -0.00486, 0.03681],
            "n": [1, 1, 2, 2, 2, 2]
        },
        {
            "angular": "s",
            "prim": [7.61413, 13.75740, 1.69824, 2.48022, 4.31196, 5.86596],
            "cont": [-0.22157, -0.00476, 0.34844, 0.60807, 0.25365, -0.19183],
            "n": [1, 1, 2, 2, 2, 2]
        },
        {
            "angular": "p",
            "prim": [1.14394, 1.81730, 3.44988, 7.56484],
            "cont": [0.16922, 0.57974, 0.32352, 0.01660],
            "n": [2, 2, 2, 2]
        }
    ]
}