{
    "H": [
        {
            "angular": "s",
            "prim": [0.50000000],
            "cont": [1.00000000]
		}
	]
}